{"cameraMode":{"drawMode":0,"name":"Shaded","section":"Shading Mode"},"sceneLighting":false,"audioPlay":false,"sceneViewState":{"m_AlwaysRefresh":false,"showFog":true,"showSkybox":false,"showFlares":true,"showImageEffects":true,"showParticleSystems":true,"showVisualEffectGraphs":true,"m_FxEnabled":true},"in2DMode":false,"pivot":{"x":-3.3448398113250734,"y":-2.2972919940948488,"z":-0.44866469502449038},"rotation":{"x":-0.2860909104347229,"y":0.5461835265159607,"z":-0.20558509230613709,"w":-0.7600647807121277},"size":3.6375885009765627,"orthographic":false}