{"cameraMode":{"drawMode":0,"name":"Shaded","section":"Shading Mode"},"sceneLighting":false,"audioPlay":false,"sceneViewState":{"m_AlwaysRefresh":false,"showFog":true,"showSkybox":false,"showFlares":true,"showImageEffects":true,"showParticleSystems":true,"showVisualEffectGraphs":true,"m_FxEnabled":true},"in2DMode":false,"pivot":{"x":1.9996299743652344,"y":1.3499999046325684,"z":3.3530349731445314},"rotation":{"x":-0.044103603810071948,"y":0.9435827136039734,"z":-0.29653438925743105,"w":-0.14026664197444917},"size":1.7589058876037598,"orthographic":false}