{"cameraMode":{"drawMode":0,"name":"Shaded","section":"Shading Mode"},"sceneLighting":true,"audioPlay":false,"sceneViewState":{"m_AlwaysRefresh":false,"showFog":true,"showSkybox":true,"showFlares":true,"showImageEffects":true,"showParticleSystems":true,"showVisualEffectGraphs":true,"m_FxEnabled":true},"in2DMode":false,"pivot":{"x":444.8317565917969,"y":125.83150482177735,"z":-281.990478515625},"rotation":{"x":0.16572074592113496,"y":-0.011834381148219109,"z":0.001985975308343768,"w":0.9861076474189758},"size":11.671892166137696,"orthographic":false}