{"cameraMode":{"drawMode":0,"name":"Shaded","section":"Shading Mode"},"sceneLighting":true,"audioPlay":false,"sceneViewState":{"m_AlwaysRefresh":false,"showFog":true,"showSkybox":true,"showFlares":true,"showImageEffects":true,"showParticleSystems":true,"showVisualEffectGraphs":true,"m_FxEnabled":true},"in2DMode":false,"pivot":{"x":331.61212158203127,"y":173.45262145996095,"z":55.41670608520508},"rotation":{"x":0.1494271159172058,"y":0.010067644529044629,"z":-0.0015303264372050763,"w":0.9887104630470276},"size":76.00173950195313,"orthographic":false}