{"cameraMode":{"drawMode":0,"name":"Shaded","section":"Shading Mode"},"sceneLighting":false,"audioPlay":false,"sceneViewState":{"m_AlwaysRefresh":false,"showFog":true,"showSkybox":false,"showFlares":true,"showImageEffects":true,"showParticleSystems":true,"showVisualEffectGraphs":true,"m_FxEnabled":true},"in2DMode":false,"pivot":{"x":0.4368293285369873,"y":2.646618127822876,"z":2.0398826599121095},"rotation":{"x":0.05858604609966278,"y":-0.9412445425987244,"z":0.2258530557155609,"w":0.24414731562137605},"size":1.0770329236984254,"orthographic":false}